{"initial_reset_timestamp": 1555388603.237556, "timestamps": [1555388606.761503, 1555388610.113076, 1555388611.4706151, 1555388612.767242, 1555388614.323974, 1555388615.47512, 1555388616.9728482, 1555388618.256691, 1555388623.447571, 1555388625.210739, 1555388627.493689, 1555388629.846727, 1555388632.486531, 1555388634.242871, 1555388635.639518, 1555388637.3087518, 1555388639.294493, 1555388640.952937, 1555388642.411088, 1555388643.884835, 1555388645.191075, 1555388647.038371, 1555388648.4296682, 1555388649.860418, 1555388651.054152, 1555388652.27932, 1555388653.7427042, 1555388657.688874, 1555388658.887647, 1555388660.152898, 1555388661.677092, 1555388663.0224252, 1555388664.325195, 1555388665.7856152, 1555388667.4183428, 1555388668.915036, 1555388670.3187861, 1555388672.172256, 1555388673.6009321, 1555388675.334945, 1555388676.965566, 1555388678.439264, 1555388680.470134, 1555388682.2056708, 1555388683.994344, 1555388685.4398699, 1555388686.927225, 1555388688.410999, 1555388689.9425018, 1555388692.3934011, 1555388694.643276, 1555388695.9343638, 1555388697.6623738], "episode_lengths": [3520, 3463, 3717, 3540, 4293, 3056, 3656, 3482, 3637, 3607, 3847, 3603, 3722, 3656, 3821, 4282, 3784, 4108, 3792, 3771, 3416, 4770, 3554, 3725, 3056, 3056, 3790, 3931, 3056, 3296, 4016, 3520, 3408, 3847, 4267, 3888, 3620, 3544, 3540, 4405, 4154, 3853, 5241, 4462, 4499, 3644, 3749, 3839, 3928, 4075, 3779, 3280, 3392], "episode_rewards": [-21.0, -20.0, -21.0, -21.0, -19.0, -21.0, -21.0, -21.0, -21.0, -20.0, -20.0, -21.0, -20.0, -21.0, -20.0, -20.0, -21.0, -19.0, -21.0, -20.0, -21.0, -19.0, -20.0, -21.0, -21.0, -21.0, -19.0, -20.0, -21.0, -21.0, -21.0, -21.0, -21.0, -21.0, -20.0, -21.0, -20.0, -21.0, -21.0, -20.0, -20.0, -21.0, -17.0, -19.0, -19.0, -20.0, -20.0, -20.0, -19.0, -21.0, -20.0, -21.0, -21.0], "episode_types": ["t", "t", "t", "t", "t", "t", "t", "t", "t", "t", "t", "t", "t", "t", "t", "t", "t", "t", "t", "t", "t", "t", "t", "t", "t", "t", "t", "t", "t", "t", "t", "t", "t", "t", "t", "t", "t", "t", "t", "t", "t", "t", "t", "t", "t", "t", "t", "t", "t", "t", "t", "t", "t", "t"]}