{"initial_reset_timestamp": 1555389808.13984, "timestamps": [1555389812.5148852, 1555389816.237547, 1555389817.768651, 1555389819.7936618, 1555389821.949727, 1555389823.665823, 1555389826.237313, 1555389827.8328562, 1555389831.5862231, 1555389832.943566, 1555389834.66154, 1555389835.852906, 1555389837.715511, 1555389838.952862, 1555389840.1335108, 1555389841.728842, 1555389843.875838, 1555389845.750067, 1555389848.535768, 1555389849.949536, 1555389851.3410811, 1555389852.972258, 1555389854.357633, 1555389855.683991, 1555389857.124918, 1555389858.496712, 1555389860.265314, 1555389868.067809, 1555389869.412201, 1555389870.8600268, 1555389872.2272089, 1555389873.90621, 1555389875.12681, 1555389876.479435, 1555389877.8839302, 1555389879.260861, 1555389880.750941, 1555389881.940448, 1555389883.606252, 1555389885.250388, 1555389886.529268, 1555389887.900618, 1555389889.210659, 1555389890.5283682, 1555389891.9154282, 1555389893.15792, 1555389894.6976798, 1555389896.670603, 1555389898.420682, 1555389900.200959, 1555389902.374824, 1555389903.842098, 1555389905.184562, 1555389906.60799], "episode_lengths": [3835, 3703, 3482, 4277, 3677, 3296, 4450, 3690, 3168, 3448, 3917, 3351, 4066, 3288, 3168, 3772, 4031, 3970, 4201, 3172, 3734, 3551, 3056, 3243, 3837, 3300, 3853, 5075, 3304, 3590, 3296, 4591, 3280, 3624, 3440, 3392, 3865, 3056, 4059, 4197, 3467, 3524, 3648, 3607, 3861, 3168, 3833, 3613, 3544, 4166, 4329, 3362, 3530, 3760], "episode_rewards": [-20.0, -20.0, -20.0, -20.0, -20.0, -21.0, -19.0, -21.0, -21.0, -21.0, -20.0, -20.0, -19.0, -21.0, -21.0, -19.0, -20.0, -19.0, -20.0, -21.0, -20.0, -20.0, -21.0, -21.0, -21.0, -21.0, -20.0, -19.0, -21.0, -20.0, -21.0, -19.0, -21.0, -20.0, -21.0, -21.0, -19.0, -21.0, -19.0, -19.0, -21.0, -21.0, -21.0, -20.0, -19.0, -21.0, -20.0, -21.0, -21.0, -19.0, -20.0, -21.0, -20.0, -21.0], "episode_types": ["t", "t", "t", "t", "t", "t", "t", "t", "t", "t", "t", "t", "t", "t", "t", "t", "t", "t", "t", "t", "t", "t", "t", "t", "t", "t", "t", "t", "t", "t", "t", "t", "t", "t", "t", "t", "t", "t", "t", "t", "t", "t", "t", "t", "t", "t", "t", "t", "t", "t", "t", "t", "t", "t", "t"]}