{"initial_reset_timestamp": 1555383556.428389, "timestamps": [1555383560.786229, 1555383564.8432581, 1555383566.598888, 1555383568.1266801, 1555383569.779958, 1555383571.1292841, 1555383572.701165, 1555383574.017817, 1555383578.351274, 1555383579.6943848, 1555383581.328985, 1555383582.6796749, 1555383584.3538592, 1555383585.658937, 1555383587.245827, 1555383588.760989, 1555383590.96032, 1555383593.457221, 1555383595.9762602, 1555383597.440491, 1555383599.1823559, 1555383600.4221709, 1555383601.714753, 1555383602.973384, 1555383604.568939, 1555383605.989473, 1555383607.681273, 1555383612.729307, 1555383613.97453, 1555383615.733963, 1555383617.1827269, 1555383618.780504, 1555383620.1518888, 1555383621.9196491, 1555383623.790009, 1555383625.165069, 1555383626.9954891, 1555383628.390112, 1555383630.387244, 1555383632.13457, 1555383633.716942, 1555383635.324623, 1555383636.8009331, 1555383638.6032681, 1555383640.1309, 1555383641.9586701, 1555383643.581816, 1555383645.4525309, 1555383647.516633, 1555383649.929405, 1555383651.6471438, 1555383653.521462, 1555383655.405375], "episode_lengths": [4504, 4166, 3540, 3565, 4099, 3367, 3906, 3286, 3719, 3243, 3729, 3168, 3961, 3056, 3748, 3608, 3648, 4097, 3853, 3448, 4346, 3056, 3056, 3056, 3969, 3520, 4144, 4549, 3056, 4371, 3526, 4024, 3408, 4348, 4683, 3296, 4220, 3240, 4698, 3915, 3300, 3707, 3373, 4165, 3367, 3961, 3590, 3721, 4571, 4487, 4035, 4345, 4041], "episode_rewards": [-20.0, -19.0, -21.0, -21.0, -20.0, -20.0, -20.0, -21.0, -20.0, -21.0, -20.0, -21.0, -20.0, -21.0, -21.0, -21.0, -21.0, -20.0, -20.0, -21.0, -19.0, -21.0, -21.0, -21.0, -20.0, -21.0, -19.0, -18.0, -21.0, -20.0, -21.0, -21.0, -21.0, -18.0, -20.0, -21.0, -19.0, -21.0, -19.0, -20.0, -21.0, -21.0, -21.0, -20.0, -20.0, -20.0, -20.0, -20.0, -20.0, -21.0, -19.0, -19.0, -20.0], "episode_types": ["t", "t", "t", "t", "t", "t", "t", "t", "t", "t", "t", "t", "t", "t", "t", "t", "t", "t", "t", "t", "t", "t", "t", "t", "t", "t", "t", "t", "t", "t", "t", "t", "t", "t", "t", "t", "t", "t", "t", "t", "t", "t", "t", "t", "t", "t", "t", "t", "t", "t", "t", "t", "t", "t"]}