{"initial_reset_timestamp": 1555378331.640939, "timestamps": [1555378336.398735, 1555378340.139842, 1555378341.401128, 1555378343.386352, 1555378344.973427, 1555378347.0231261, 1555378348.681448, 1555378350.180486, 1555378353.8539221, 1555378355.490825, 1555378356.934309, 1555378358.267167, 1555378359.730863, 1555378361.070125, 1555378362.8296661, 1555378365.192396, 1555378366.8371499, 1555378368.36955, 1555378369.754237, 1555378371.3789928, 1555378373.097472, 1555378374.317267, 1555378375.7470028, 1555378377.065377, 1555378378.653429, 1555378380.141366, 1555378381.502452, 1555378384.49506, 1555378385.8908238, 1555378387.319859, 1555378388.629956, 1555378389.866818, 1555378391.436626, 1555378394.253553, 1555378396.2166731, 1555378398.271847, 1555378400.5690281, 1555378401.943042, 1555378403.7297611, 1555378405.201443, 1555378406.4815621, 1555378407.709352, 1555378409.263626, 1555378410.776719, 1555378412.655733, 1555378414.441528, 1555378415.813028, 1555378417.109257, 1555378418.445544, 1555378420.170173, 1555378421.6351318, 1555378423.2879622, 1555378424.524456, 1555378425.8909981], "episode_lengths": [4574, 3544, 3300, 4394, 3408, 4416, 4407, 3802, 3288, 3675, 3544, 3591, 4001, 3296, 4076, 5828, 4436, 4153, 3772, 3837, 4219, 3168, 3357, 3296, 3764, 3784, 3479, 3056, 3654, 3844, 3296, 3128, 3592, 5209, 3368, 3412, 3485, 3408, 4162, 3913, 3379, 3240, 3412, 3420, 4313, 3903, 3544, 3483, 3370, 3768, 3168, 3296, 3370, 3536], "episode_rewards": [-18.0, -21.0, -21.0, -20.0, -21.0, -19.0, -20.0, -20.0, -21.0, -20.0, -21.0, -20.0, -19.0, -21.0, -20.0, -17.0, -18.0, -20.0, -21.0, -21.0, -19.0, -21.0, -21.0, -21.0, -21.0, -21.0, -20.0, -21.0, -21.0, -21.0, -21.0, -21.0, -21.0, -18.0, -21.0, -21.0, -20.0, -21.0, -20.0, -20.0, -21.0, -21.0, -21.0, -20.0, -20.0, -20.0, -21.0, -21.0, -20.0, -21.0, -21.0, -21.0, -20.0, -21.0], "episode_types": ["t", "t", "t", "t", "t", "t", "t", "t", "t", "t", "t", "t", "t", "t", "t", "t", "t", "t", "t", "t", "t", "t", "t", "t", "t", "t", "t", "t", "t", "t", "t", "t", "t", "t", "t", "t", "t", "t", "t", "t", "t", "t", "t", "t", "t", "t", "t", "t", "t", "t", "t", "t", "t", "t", "t"]}